Library,Documentation Link
bs4,Documentation not found for 'bs4'.
csv,http://www.object-craft.com.au/projects/csv/
faiss,https://github.com/facebookresearch/faiss
importlib,https://github.com/brettcannon/importlib
numpy,https://numpy.org/doc/
os,Documentation not found for 'os'.
re,Documentation not found for 're'.
requests,https://requests.readthedocs.io
sentence_transformers,Documentation not found for 'sentence_transformers'.
sys,https://docs.python.org/3/library/sys.html
webbrowser,Documentation not found for 'webbrowser'.
xml,Documentation not found for 'xml'.
