libraryfetcher,Documentation not found for 'libraryfetcher'.
math,https://docs.python.org/3/library/math.html
sys,https://docs.python.org/3/library/sys.html
importlib,https://github.com/brettcannon/importlib
requests,https://requests.readthedocs.io
csv,https://docs.python.org/3/library/csv.html
re,https://docs.python.org/3/library/re.html
faiss,https://github.com/facebookresearch/faiss
numpy,https://numpy.org/doc/
xml,https://docs.python.org/3/library/xml.html
os,https://docs.python.org/3/library/os.html
bs4,Documentation not found for 'bs4'.
sentence_transformers,Documentation not found for 'sentence_transformers'.
json,https://docs.python.org/3/library/json.html
find_libs,Documentation not found for 'find_libs'.
